,Alameda,Contra Costa,Marin,Napa,San Francisco,San Mateo,Santa Clara,Solano,Sonoma
Population,1671329,1153526,252409,136484,881549,766573,1927852,413344,483878
Coordinates of Populous Center,"(37.805943, -122.272286)","(38.0079, -122.024261)","(37.975033, -122.531769)","(38.296934, -122.289494)","(37.77947, -122.419242)","(37.690712, -122.473492)","(37.338339, -121.884937)","(38.102562, -122.26027)","(38.462099, -122.722254)"
